villager,index_America,index_Europe,index_Global,index_Japan,rank_America,rank_Europe,rank_Global,rank_Japan,tier,rank,official_rank_overall,OfficialScore
Raymond,0.4,0.46712564543889845,0.4,0.5868852459016394,1.0,4.0,1.0,15.0,1,1,1,1.0
Marshal,0.39902912621359227,0.39902912621359227,0.39902912621359227,0.792471749164412,2.0,7.0,2.0,4.0,1,2,2,0.9975728155339806
Sherb,0.3970873786407767,0.3970873786407767,0.3970873786407767,0.3970873786407767,3.0,8.0,3.0,46.0,1,4,4,0.9927184466019418
Ankha,0.39417475728155343,0.39417475728155343,0.39417475728155343,0.39417475728155343,4.0,10.0,4.0,47.0,1,7,7,0.9854368932038835
Zucker,0.3932038834951457,0.3932038834951457,0.3932038834951457,0.5899251949705555,5.0,11.0,5.0,14.0,1,8,8,0.9830097087378641
Stitches,0.39223300970873787,0.39223300970873787,0.39223300970873787,0.39223300970873787,6.0,12.0,6.0,48.0,1,9,9,0.9805825242718447
Merengue,0.3912621359223301,0.3912621359223301,0.3912621359223301,0.3912621359223301,7.0,13.0,7.0,49.0,1,10,10,0.9781553398058253
Marina,0.39029126213592236,0.39029126213592236,0.39029126213592236,0.5771765080375617,8.0,14.0,8.0,16.0,1,11,11,0.9757281553398058
Judy,0.3893203883495146,0.3893203883495146,0.3893203883495146,0.6057138309724655,9.0,15.0,9.0,11.0,1,12,12,0.9733009708737864
Beau,0.38834951456310685,0.38834951456310685,0.38834951456310685,0.38834951456310685,10.0,16.0,10.0,50.0,1,13,13,0.970873786407767
Coco,0.38737864077669903,0.41113079223969384,0.38737864077669903,0.38737864077669903,11.0,5.0,11.0,51.0,1,14,14,0.9684466019417476
Maple,0.3864077669902913,0.3864077669902913,0.3864077669902913,0.3864077669902913,12.0,19.0,12.0,53.0,1,15,15,0.9660194174757282
Fauna,0.3854368932038835,0.40712364019183533,0.3854368932038835,0.3854368932038835,13.0,6.0,13.0,54.0,2,1,16,0.9635922330097088
Audie,0.38446601941747577,0.38446601941747577,0.38446601941747577,0.38446601941747577,14.0,21.0,14.0,56.0,2,2,17,0.9611650485436893
Molly,0.383495145631068,0.383495145631068,0.383495145631068,0.383495145631068,15.0,22.0,15.0,57.0,2,3,18,0.9587378640776699
Bob,0.3825242718446602,0.3825242718446602,0.3825242718446602,0.3825242718446602,16.0,23.0,16.0,58.0,2,4,19,0.9563106796116505
Lolly,0.38155339805825245,0.38155339805825245,0.38155339805825245,0.38155339805825245,17.0,24.0,17.0,60.0,2,5,20,0.9538834951456311
Erik,0.3805825242718447,0.3805825242718447,0.3805825242718447,0.3805825242718447,18.0,25.0,18.0,61.0,2,6,21,0.9514563106796117
Lucky,0.37961165048543694,0.37961165048543694,0.37961165048543694,0.37961165048543694,19.0,26.0,19.0,62.0,2,7,22,0.9490291262135923
Diana,0.3786407766990292,0.3786407766990292,0.3786407766990292,0.3786407766990292,20.0,27.0,20.0,63.0,2,8,23,0.9466019417475728
Dom,0.37766990291262137,0.37766990291262137,0.37766990291262137,0.6137354766831131,21.0,28.0,21.0,9.0,2,9,24,0.9441747572815534
Ketchup,0.3766990291262136,0.3942549671640794,0.3766990291262136,0.6127646028967054,22.0,9.0,22.0,10.0,2,10,25,0.941747572815534
Rosie,0.3747572815533981,0.3881824106411778,0.3747572815533981,0.8075441667992997,23.0,17.0,23.0,3.0,2,12,27,0.9368932038834952
Lily,0.37378640776699035,0.37378640776699035,0.37378640776699035,0.37378640776699035,24.0,29.0,24.0,64.0,2,13,28,0.9344660194174758
Julian,0.37281553398058254,0.37281553398058254,0.37281553398058254,0.37281553398058254,25.0,30.0,25.0,65.0,2,14,29,0.9320388349514563
Tangy,0.3718446601941748,0.5370770181976171,0.3718446601941748,0.3718446601941748,26.0,3.0,26.0,66.0,2,15,30,0.9296116504854369
Punchy,0.370873786407767,0.370873786407767,0.370873786407767,0.370873786407767,27.0,32.0,27.0,68.0,2,16,31,0.9271844660194175
Cherry,0.36990291262135927,0.36990291262135927,0.36990291262135927,0.36990291262135927,28.0,33.0,28.0,69.0,2,17,32,0.9247572815533981
Fang,0.3689320388349515,0.3689320388349515,0.3689320388349515,0.3689320388349515,29.0,34.0,29.0,70.0,2,18,33,0.9223300970873787
Kiki,0.3679611650485437,0.38654980532393096,0.3679611650485437,0.3679611650485437,30.0,18.0,30.0,71.0,2,19,34,0.9199029126213593
Apollo,0.36699029126213595,0.36699029126213595,0.36699029126213595,0.6030558650326278,31.0,35.0,31.0,12.0,2,20,35,0.9174757281553398
Poppy,0.3660194174757282,0.3660194174757282,0.3660194174757282,0.5529046633773675,32.0,36.0,32.0,19.0,2,21,36,0.9150485436893204
Roald,0.36504854368932044,0.36504854368932044,0.36504854368932044,0.36504854368932044,33.0,37.0,33.0,72.0,2,22,37,0.912621359223301
Bluebear,0.3640776699029127,0.3640776699029127,0.3640776699029127,0.3640776699029127,34.0,39.0,34.0,73.0,2,23,38,0.9101941747572816
Pietro,0.36310679611650487,0.3847935431044567,0.36310679611650487,0.36310679611650487,35.0,20.0,35.0,74.0,2,24,39,0.9077669902912622
Flora,0.3621359223300971,0.3621359223300971,0.3621359223300971,0.3621359223300971,36.0,41.0,36.0,76.0,2,25,40,0.9053398058252428
Apple,0.36116504854368936,0.36116504854368936,0.36116504854368936,0.715263409199427,37.0,42.0,37.0,6.0,3,1,41,0.9029126213592233
Filbert,0.3601941747572816,0.3601941747572816,0.3601941747572816,0.3601941747572816,38.0,43.0,38.0,77.0,3,2,42,0.9004854368932039
Octavian,0.35922330097087385,0.35922330097087385,0.35922330097087385,0.35922330097087385,39.0,44.0,39.0,78.0,3,3,43,0.8980582524271845
Tia,0.35825242718446604,0.35825242718446604,0.35825242718446604,0.35825242718446604,40.0,46.0,40.0,79.0,3,4,44,0.8956310679611651
Whitney,0.3572815533980583,0.3572815533980583,0.3572815533980583,0.5441667992996977,41.0,47.0,41.0,20.0,3,5,45,0.8932038834951457
Pashmina,0.3563106796116505,0.3563106796116505,0.3563106796116505,0.3563106796116505,42.0,48.0,42.0,83.0,3,6,46,0.8907766990291263
Skye,0.35533980582524277,0.35533980582524277,0.35533980582524277,0.5914053795957346,43.0,50.0,43.0,13.0,3,7,47,0.8883495145631068
Ruby,0.35436893203883496,0.35436893203883496,0.35436893203883496,0.35436893203883496,44.0,51.0,44.0,84.0,3,8,48,0.8859223300970873
Reneigh,0.3533980582524272,0.3533980582524272,0.3533980582524272,0.3533980582524272,45.0,52.0,45.0,85.0,3,9,49,0.883495145631068
Merry,0.3524271844660194,0.3524271844660194,0.3524271844660194,0.3524271844660194,46.0,54.0,46.0,86.0,3,10,50,0.8810679611650485
Kabuki,0.3514563106796117,0.3514563106796117,0.3514563106796117,0.3514563106796117,47.0,55.0,47.0,87.0,3,11,51,0.8786407766990292
Genji,0.3504854368932039,0.3504854368932039,0.3504854368932039,0.3504854368932039,48.0,56.0,48.0,88.0,3,12,52,0.8762135922330097
Flurry,0.3495145631067962,0.3495145631067962,0.3495145631067962,0.5068916122871241,49.0,57.0,49.0,25.0,3,13,53,0.8737864077669903
Dobie,0.3485436893203884,0.3485436893203884,0.3485436893203884,0.5649371319433392,50.0,58.0,50.0,18.0,3,14,54,0.8713592233009708
Wolfgang,0.3475728155339806,0.3630633490968033,0.3475728155339806,0.514785930288079,51.0,40.0,51.0,24.0,3,15,55,0.8689320388349515
Goldie,0.3466019417475728,0.37241949768561067,0.3466019417475728,0.9466019417475728,52.0,31.0,52.0,1.0,3,16,56,0.866504854368932
Bam,0.3456310679611651,0.3456310679611651,0.3456310679611651,0.3456310679611651,53.0,59.0,53.0,89.0,3,17,57,0.8640776699029127
Deirdre,0.34368932038834954,0.34368932038834954,0.34368932038834954,0.34368932038834954,54.0,60.0,54.0,90.0,3,19,59,0.8592233009708738
Cookie,0.34271844660194173,0.34271844660194173,0.34271844660194173,0.34271844660194173,55.0,61.0,55.0,91.0,3,20,60,0.8567961165048543
Henry,0.34174757281553403,0.34174757281553403,0.34174757281553403,0.34174757281553403,56.0,63.0,56.0,92.0,3,21,61,0.854368932038835
Clay,0.3407766990291262,0.3407766990291262,0.3407766990291262,0.3407766990291262,57.0,64.0,57.0,93.0,3,22,62,0.8519417475728155
Hazel,0.3398058252427185,0.3398058252427185,0.3398058252427185,0.3398058252427185,58.0,65.0,58.0,94.0,3,23,63,0.8495145631067962
Melba,0.3388349514563107,0.3388349514563107,0.3388349514563107,0.3388349514563107,59.0,66.0,59.0,95.0,3,24,64,0.8470873786407767
Chevre,0.33786407766990295,0.33786407766990295,0.33786407766990295,0.33786407766990295,60.0,67.0,60.0,96.0,3,25,65,0.8446601941747574
Katt,0.33689320388349514,0.33689320388349514,0.33689320388349514,0.33689320388349514,61.0,68.0,61.0,98.0,3,26,66,0.8422330097087378
Kid Cat,0.3359223300970874,0.3359223300970874,0.3359223300970874,0.3359223300970874,62.0,69.0,62.0,99.0,3,27,67,0.8398058252427184
Daisy,0.33495145631067963,0.33495145631067963,0.33495145631067963,0.33495145631067963,63.0,70.0,63.0,100.0,3,28,68,0.837378640776699
Pekoe,0.3339805825242719,0.3339805825242719,0.3339805825242719,0.3339805825242719,64.0,71.0,64.0,101.0,3,29,69,0.8349514563106796
Zell,0.33300970873786406,0.33300970873786406,0.33300970873786406,0.5297310202132739,65.0,72.0,65.0,22.0,3,30,70,0.8325242718446602
Sprinkle,0.3320388349514563,0.35888909312701567,0.3320388349514563,0.3320388349514563,66.0,45.0,66.0,102.0,4,1,71,0.8300970873786407
Chrissy,0.33106796116504855,0.33106796116504855,0.33106796116504855,0.33106796116504855,67.0,73.0,67.0,104.0,4,2,72,0.8276699029126213
Hornsby,0.3300970873786408,0.3300970873786408,0.3300970873786408,0.3300970873786408,68.0,74.0,68.0,105.0,4,3,73,0.8252427184466019
Drago,0.32912621359223304,0.3559764717677924,0.32912621359223304,0.6733885086742003,69.0,49.0,69.0,7.0,4,4,74,0.8228155339805825
Aurora,0.32815533980582523,0.32815533980582523,0.32815533980582523,0.32815533980582523,70.0,75.0,70.0,106.0,4,5,75,0.8203883495145631
Muffy,0.3271844660194175,0.3271844660194175,0.3271844660194175,0.3271844660194175,71.0,76.0,71.0,107.0,4,6,76,0.8179611650485437
Static,0.3262135922330097,0.3262135922330097,0.3262135922330097,0.3262135922330097,72.0,77.0,72.0,108.0,4,7,77,0.8155339805825242
Phoebe,0.32524271844660196,0.32524271844660196,0.32524271844660196,0.5711443577908643,73.0,78.0,73.0,17.0,4,8,78,0.8131067961165048
Bianca,0.3242718446601942,0.3242718446601942,0.3242718446601942,0.3242718446601942,74.0,79.0,74.0,110.0,4,9,79,0.8106796116504854
Cheri,0.3233009708737864,0.36460906037464696,0.3233009708737864,0.3233009708737864,75.0,38.0,75.0,111.0,4,10,80,0.808252427184466
Kyle,0.32233009708737864,0.3419514396002874,0.32233009708737864,0.32233009708737864,76.0,62.0,76.0,112.0,4,11,81,0.8058252427184466
Bea,0.3213592233009709,0.3213592233009709,0.3213592233009709,0.3213592233009709,77.0,81.0,77.0,113.0,4,12,82,0.8033980582524272
Cube,0.32038834951456313,0.32038834951456313,0.32038834951456313,0.32038834951456313,78.0,83.0,78.0,115.0,4,13,83,0.8009708737864077
Alice,0.3194174757281554,0.3194174757281554,0.3194174757281554,0.5358109183511062,79.0,84.0,79.0,21.0,4,14,84,0.7985436893203883
Sylvana,0.3174757281553398,0.3174757281553398,0.3174757281553398,0.3174757281553398,80.0,85.0,80.0,117.0,4,16,86,0.7936893203883495
Tom,0.31650485436893205,0.31650485436893205,0.31650485436893205,0.31650485436893205,81.0,86.0,81.0,118.0,4,17,87,0.7912621359223301
Nan,0.3155339805825243,0.3155339805825243,0.3155339805825243,0.3155339805825243,82.0,88.0,82.0,119.0,4,18,88,0.7888349514563107
Jeremiah,0.31456310679611654,0.31456310679611654,0.31456310679611654,0.31456310679611654,83.0,90.0,83.0,120.0,4,19,89,0.7864077669902912
Rex,0.31359223300970873,0.31359223300970873,0.31359223300970873,0.31359223300970873,84.0,91.0,84.0,121.0,4,20,90,0.7839805825242718
Francine,0.312621359223301,0.312621359223301,0.312621359223301,0.312621359223301,85.0,92.0,85.0,125.0,4,21,91,0.7815533980582524
Hamlet,0.3116504854368932,0.3116504854368932,0.3116504854368932,0.3116504854368932,86.0,93.0,86.0,126.0,4,22,92,0.779126213592233
Dizzy,0.31067961165048547,0.31067961165048547,0.31067961165048547,0.31067961165048547,87.0,94.0,87.0,127.0,4,23,93,0.7766990291262136
Purrl,0.3097087378640777,0.3097087378640777,0.3097087378640777,0.3097087378640777,88.0,95.0,88.0,128.0,4,24,94,0.7742718446601942
Bill,0.3087378640776699,0.3087378640776699,0.3087378640776699,0.3087378640776699,89.0,96.0,89.0,129.0,4,25,95,0.7718446601941747
Agnes,0.30776699029126214,0.30776699029126214,0.30776699029126214,0.30776699029126214,90.0,97.0,90.0,130.0,4,26,96,0.7694174757281553
Olivia,0.3067961165048544,0.3067961165048544,0.3067961165048544,0.3067961165048544,91.0,98.0,91.0,131.0,4,27,97,0.7669902912621359
Shep,0.30582524271844663,0.30582524271844663,0.30582524271844663,0.30582524271844663,92.0,100.0,92.0,132.0,4,28,98,0.7645631067961165
Mitzi,0.3048543689320389,0.3048543689320389,0.3048543689320389,0.3048543689320389,93.0,101.0,93.0,133.0,4,29,99,0.7621359223300971
Bunnie,0.30388349514563107,0.30388349514563107,0.30388349514563107,0.30388349514563107,94.0,102.0,94.0,134.0,4,30,100,0.7597087378640777
Fuchsia,0.3029126213592233,0.3029126213592233,0.3029126213592233,0.3029126213592233,95.0,103.0,95.0,135.0,4,31,101,0.7572815533980582
Bruce,0.30194174757281556,0.30194174757281556,0.30194174757281556,0.30194174757281556,96.0,104.0,96.0,136.0,4,32,102,0.7548543689320388
Tutu,0.3009708737864078,0.3009708737864078,0.3009708737864078,0.3009708737864078,97.0,105.0,97.0,137.0,4,33,103,0.7524271844660194
Bangle,0.30000000000000004,0.30000000000000004,0.30000000000000004,0.30000000000000004,98.0,106.0,98.0,138.0,4,34,104,0.75
Lopez,0.29902912621359223,0.29902912621359223,0.29902912621359223,0.4662422409676906,99.0,108.0,99.0,36.0,4,35,105,0.7475728155339806
Bones,0.2970873786407767,0.2970873786407767,0.2970873786407767,0.2970873786407767,100.0,110.0,100.0,140.0,4,37,107,0.7427184466019418
Peanut,0.29611650485436897,0.32090135855488533,0.29611650485436897,0.29611650485436897,101.0,82.0,101.0,141.0,4,38,108,0.7402912621359223
Eugene,0.2941747572815534,0.2941747572815534,0.2941747572815534,0.2941747572815534,102.0,111.0,102.0,142.0,4,40,110,0.7354368932038835
Kidd,0.29320388349514565,0.29320388349514565,0.29320388349514565,0.29320388349514565,103.0,112.0,103.0,143.0,4,41,111,0.7330097087378641
Biskit,0.2922330097087379,0.3149524589342112,0.2922330097087379,0.2922330097087379,104.0,89.0,104.0,144.0,4,42,112,0.7305825242718447
Freckles,0.29126213592233013,0.29126213592233013,0.29126213592233013,0.29126213592233013,105.0,114.0,105.0,145.0,4,43,113,0.7281553398058253
Tammy,0.2902912621359223,0.3161088180739602,0.2902912621359223,0.4771765080375617,106.0,87.0,106.0,33.0,4,44,114,0.7257281553398058
Roscoe,0.2883495145631068,0.2883495145631068,0.2883495145631068,0.2883495145631068,107.0,115.0,107.0,146.0,4,46,116,0.720873786407767
Tasha,0.2864077669902913,0.2864077669902913,0.2864077669902913,0.2864077669902913,108.0,117.0,108.0,147.0,4,48,118,0.7160194174757282
Beardo,0.2854368932038835,0.2854368932038835,0.2854368932038835,0.2854368932038835,109.0,118.0,109.0,148.0,4,49,119,0.7135922330097088
Gayle,0.28446601941747574,0.28446601941747574,0.28446601941747574,0.28446601941747574,110.0,119.0,110.0,149.0,4,50,120,0.7111650485436893
Teddy,0.283495145631068,0.283495145631068,0.283495145631068,0.4605443259589368,111.0,120.0,111.0,38.0,4,51,121,0.7087378640776699
Ellie,0.2825242718446602,0.2825242718446602,0.2825242718446602,0.518589845615152,112.0,121.0,112.0,23.0,4,52,122,0.7063106796116505
Julia,0.28155339805825247,0.30633825175876883,0.28155339805825247,0.28155339805825247,113.0,99.0,113.0,150.0,4,53,123,0.7038834951456311
Bella,0.28058252427184466,0.28058252427184466,0.28058252427184466,0.28058252427184466,114.0,122.0,114.0,151.0,4,54,124,0.7014563106796117
Lobo,0.2796116504854369,0.2796116504854369,0.2796116504854369,0.4861690275346172,115.0,124.0,115.0,29.0,4,55,125,0.6990291262135923
Shari,0.27864077669902915,0.27864077669902915,0.27864077669902915,0.27864077669902915,116.0,125.0,116.0,153.0,4,56,126,0.6966019417475728
Lyman,0.2776699029126214,0.2993566499005732,0.2776699029126214,0.2776699029126214,117.0,107.0,117.0,154.0,4,57,127,0.6941747572815534
Freya,0.27669902912621364,0.27669902912621364,0.27669902912621364,0.27669902912621364,118.0,126.0,118.0,155.0,4,58,128,0.691747572815534
Wade,0.2757281553398058,0.2757281553398058,0.2757281553398058,0.44294127009390416,119.0,127.0,119.0,39.0,4,59,129,0.6893203883495146
Scoot,0.27475728155339807,0.29231321959126383,0.27475728155339807,0.27475728155339807,120.0,113.0,120.0,157.0,4,60,130,0.6868932038834952
Antonio,0.27378640776699026,0.27378640776699026,0.27378640776699026,0.27378640776699026,121.0,128.0,121.0,158.0,5,1,131,0.6844660194174756
Olive,0.27281553398058256,0.27281553398058256,0.27281553398058256,0.27281553398058256,122.0,129.0,122.0,159.0,5,2,132,0.6820388349514563
Vivian,0.27184466019417475,0.2976622161322126,0.27184466019417475,0.27184466019417475,123.0,109.0,123.0,161.0,5,3,133,0.6796116504854368
Dotty,0.270873786407767,0.270873786407767,0.270873786407767,0.270873786407767,124.0,130.0,124.0,162.0,5,4,134,0.6771844660194175
Puddles,0.2699029126213592,0.35251909162308037,0.2699029126213592,0.505968486391851,125.0,53.0,125.0,26.0,5,5,135,0.674757281553398
Blaire,0.2689320388349515,0.2689320388349515,0.2689320388349515,0.48532548145790233,126.0,131.0,126.0,30.0,5,6,136,0.6723300970873787
Ribbot,0.26796116504854367,0.26796116504854367,0.26796116504854367,0.26796116504854367,127.0,133.0,127.0,163.0,5,7,137,0.6699029126213591
Megan,0.26699029126213597,0.26699029126213597,0.26699029126213597,0.5030558650326278,128.0,134.0,128.0,27.0,5,8,138,0.6674757281553398
Maddie,0.26601941747572816,0.28770616446367997,0.26601941747572816,0.47257679452490853,129.0,116.0,129.0,35.0,5,9,139,0.6650485436893203
Deli,0.2650485436893204,0.2650485436893204,0.2650485436893204,0.2650485436893204,130.0,136.0,130.0,164.0,5,10,140,0.662621359223301
Margie,0.2640776699029126,0.2640776699029126,0.2640776699029126,0.2640776699029126,131.0,137.0,131.0,165.0,5,11,141,0.6601941747572815
Egbert,0.2631067961165049,0.2631067961165049,0.2631067961165049,0.2631067961165049,132.0,138.0,132.0,166.0,5,12,142,0.6577669902912622
Norma,0.2621359223300971,0.27969186036796284,0.2621359223300971,0.2621359223300971,133.0,123.0,133.0,167.0,5,13,143,0.6553398058252426
Elvis,0.2611650485436893,0.2611650485436893,0.2611650485436893,0.2611650485436893,134.0,139.0,134.0,168.0,5,14,144,0.6529126213592233
Annalisa,0.2601941747572815,0.2601941747572815,0.2601941747572815,0.47658761738023236,135.0,140.0,135.0,34.0,5,15,145,0.6504854368932038
Felicity,0.2592233009708738,0.2592233009708738,0.2592233009708738,0.2592233009708738,136.0,141.0,136.0,170.0,5,16,146,0.6480582524271845
Papi,0.2572815533980583,0.2572815533980583,0.2572815533980583,0.2572815533980583,137.0,142.0,137.0,171.0,5,18,148,0.6432038834951457
Canberra,0.2563106796116505,0.2563106796116505,0.2563106796116505,0.2563106796116505,138.0,144.0,138.0,172.0,5,19,149,0.6407766990291262
Chief,0.25533980582524274,0.25533980582524274,0.25533980582524274,0.25533980582524274,139.0,145.0,139.0,173.0,5,20,150,0.6383495145631068
Sprocket,0.2543689320388349,0.2543689320388349,0.2543689320388349,0.2543689320388349,140.0,146.0,140.0,174.0,5,21,151,0.6359223300970873
Snake,0.2533980582524272,0.2533980582524272,0.2533980582524272,0.2533980582524272,141.0,148.0,141.0,176.0,5,22,152,0.633495145631068
Flo,0.2524271844660194,0.2524271844660194,0.2524271844660194,0.2524271844660194,142.0,149.0,142.0,177.0,5,23,153,0.6310679611650485
Gladys,0.25145631067961166,0.25145631067961166,0.25145631067961166,0.25145631067961166,143.0,150.0,143.0,179.0,5,24,154,0.6286407766990292
Twiggy,0.25048543689320385,0.25048543689320385,0.25048543689320385,0.25048543689320385,144.0,151.0,144.0,180.0,5,25,155,0.6262135922330097
Mint,0.24951456310679615,0.24951456310679615,0.24951456310679615,0.465908005729747,145.0,152.0,145.0,37.0,5,26,156,0.6237864077669903
Tex,0.24854368932038834,0.24854368932038834,0.24854368932038834,0.24854368932038834,146.0,153.0,146.0,181.0,5,27,157,0.6213592233009708
Goose,0.2475728155339806,0.2475728155339806,0.2475728155339806,0.4836383893044724,147.0,154.0,147.0,31.0,5,28,158,0.6189320388349515
Stella,0.24563106796116507,0.24563106796116507,0.24563106796116507,0.24563106796116507,148.0,155.0,148.0,182.0,5,30,160,0.6140776699029127
Gonzo,0.24466019417475726,0.24466019417475726,0.24466019417475726,0.24466019417475726,149.0,156.0,149.0,183.0,5,31,161,0.6116504854368932
Wendy,0.24368932038834956,0.24368932038834956,0.24368932038834956,0.4797548941588413,150.0,157.0,150.0,32.0,5,32,162,0.6092233009708738
Cyd,0.24271844660194175,0.2685360025399796,0.24271844660194175,0.24271844660194175,151.0,132.0,151.0,184.0,5,33,163,0.6067961165048543
Diva,0.24174757281553402,0.24174757281553402,0.24174757281553402,0.24174757281553402,152.0,159.0,152.0,186.0,5,34,164,0.604368932038835
Caroline,0.2407766990291262,0.2665942549671641,0.2407766990291262,0.2407766990291262,153.0,135.0,153.0,187.0,5,35,165,0.6019417475728155
Mira,0.23980582524271848,0.23980582524271848,0.23980582524271848,0.23980582524271848,154.0,160.0,154.0,188.0,5,36,166,0.5995145631067962
Biff,0.23883495145631067,0.23883495145631067,0.23883495145631067,0.23883495145631067,155.0,161.0,155.0,189.0,5,37,167,0.5970873786407767
Avery,0.23786407766990295,0.23786407766990295,0.23786407766990295,0.23786407766990295,156.0,162.0,156.0,191.0,5,38,168,0.5946601941747574
Nana,0.23689320388349513,0.23689320388349513,0.23689320388349513,0.23689320388349513,157.0,163.0,157.0,192.0,5,39,169,0.5922330097087378
Patty,0.2359223300970874,0.2359223300970874,0.2359223300970874,0.43264364157249724,158.0,164.0,158.0,41.0,5,40,170,0.5898058252427185
Rudy,0.2339805825242719,0.2339805825242719,0.2339805825242719,0.2339805825242719,159.0,165.0,159.0,193.0,5,42,172,0.5849514563106797
Ozzie,0.23300970873786409,0.2567618602008589,0.23300970873786409,0.23300970873786409,160.0,143.0,160.0,194.0,5,43,173,0.5825242718446602
June,0.23203883495145636,0.2537255819394082,0.23203883495145636,0.23203883495145636,161.0,147.0,161.0,195.0,5,44,174,0.5800970873786409
Carmen,0.23106796116504855,0.23106796116504855,0.23106796116504855,0.6146745185420978,162.0,167.0,162.0,8.0,5,45,175,0.5776699029126213
Celia,0.23009708737864082,0.23009708737864082,0.23009708737864082,0.7907528250835589,163.0,168.0,163.0,5.0,5,46,176,0.575242718446602
Joey,0.229126213592233,0.229126213592233,0.229126213592233,0.229126213592233,164.0,169.0,164.0,196.0,5,47,177,0.5728155339805825
Pinky,0.22815533980582528,0.22815533980582528,0.22815533980582528,0.22815533980582528,165.0,170.0,165.0,197.0,5,48,178,0.5703883495145632
Pecan,0.22718446601941747,0.22718446601941747,0.22718446601941747,0.8271844660194174,166.0,171.0,166.0,2.0,5,49,179,0.5679611650485437
Chadder,0.22621359223300974,0.22621359223300974,0.22621359223300974,0.22621359223300974,167.0,173.0,167.0,198.0,5,50,180,0.5655339805825244
Blanche,0.22524271844660193,0.22524271844660193,0.22524271844660193,0.22524271844660193,168.0,174.0,168.0,199.0,5,51,181,0.5631067961165048
Tabby,0.22427184466019418,0.22427184466019418,0.22427184466019418,0.22427184466019418,169.0,175.0,169.0,200.0,5,52,182,0.5606796116504854
Cole,0.22330097087378642,0.22330097087378642,0.22330097087378642,0.22330097087378642,170.0,176.0,170.0,201.0,5,53,183,0.558252427184466
Boomer,0.22233009708737864,0.22233009708737864,0.22233009708737864,0.22233009708737864,171.0,177.0,171.0,202.0,5,54,184,0.5558252427184466
Graham,0.22135922330097088,0.3225640425780793,0.22135922330097088,0.22135922330097088,172.0,80.0,172.0,203.0,5,55,185,0.5533980582524272
Boots,0.2203883495145631,0.2203883495145631,0.2203883495145631,0.2203883495145631,173.0,178.0,173.0,204.0,5,56,186,0.5509708737864077
Murphy,0.21941747572815534,0.21941747572815534,0.21941747572815534,0.21941747572815534,174.0,179.0,174.0,205.0,5,57,187,0.5485436893203883
Bubbles,0.2184466019417476,0.2184466019417476,0.2184466019417476,0.2184466019417476,175.0,180.0,175.0,206.0,5,58,188,0.5461165048543689
Drift,0.2174757281553398,0.2174757281553398,0.2174757281553398,0.40436097405697913,176.0,181.0,176.0,45.0,5,59,189,0.5436893203883495
Frita,0.21650485436893205,0.21650485436893205,0.21650485436893205,0.21650485436893205,177.0,182.0,177.0,207.0,5,60,190,0.5412621359223301
Moe,0.21553398058252426,0.24238423875808365,0.21553398058252426,0.21553398058252426,178.0,158.0,178.0,208.0,5,61,191,0.5388349514563107
Poncho,0.2145631067961165,0.2145631067961165,0.2145631067961165,0.2145631067961165,179.0,184.0,179.0,209.0,5,62,192,0.5364077669902912
Camofrog,0.21359223300970875,0.21359223300970875,0.21359223300970875,0.21359223300970875,180.0,185.0,180.0,210.0,5,63,193,0.5339805825242718
Tiffany,0.21262135922330097,0.21262135922330097,0.21262135922330097,0.21262135922330097,181.0,186.0,181.0,211.0,5,64,194,0.5315533980582524
Hamphrey,0.21165048543689322,0.21165048543689322,0.21165048543689322,0.21165048543689322,182.0,187.0,182.0,212.0,5,65,195,0.529126213592233
Savannah,0.21067961165048543,0.21067961165048543,0.21067961165048543,0.21067961165048543,183.0,188.0,183.0,214.0,5,66,196,0.5266990291262136
Pate,0.20970873786407768,0.20970873786407768,0.20970873786407768,0.4261021804870285,184.0,190.0,184.0,42.0,5,67,197,0.5242718446601942
Tipper,0.20873786407766992,0.20873786407766992,0.20873786407766992,0.20873786407766992,185.0,192.0,185.0,216.0,5,68,198,0.5218446601941747
Doc,0.20776699029126214,0.20776699029126214,0.20776699029126214,0.20776699029126214,186.0,193.0,186.0,217.0,5,69,199,0.5194174757281553
Sydney,0.20679611650485438,0.20679611650485438,0.20679611650485438,0.20679611650485438,187.0,194.0,187.0,218.0,5,70,200,0.5169902912621359
Derwin,0.2058252427184466,0.2058252427184466,0.2058252427184466,0.44189081648893835,188.0,195.0,188.0,40.0,5,71,201,0.5145631067961165
Tank,0.20485436893203884,0.20485436893203884,0.20485436893203884,0.20485436893203884,189.0,196.0,189.0,219.0,5,72,202,0.5121359223300971
Flip,0.2029126213592233,0.2029126213592233,0.2029126213592233,0.2029126213592233,190.0,197.0,190.0,220.0,5,74,204,0.5072815533980582
Eloise,0.20194174757281555,0.20194174757281555,0.20194174757281555,0.20194174757281555,191.0,198.0,191.0,221.0,5,75,205,0.5048543689320388
Cranston,0.20097087378640777,0.22678842972444563,0.20097087378640777,0.20097087378640777,192.0,172.0,192.0,222.0,5,76,206,0.5024271844660194
Portia,0.2,0.2,0.2,0.2,193.0,199.0,193.0,223.0,5,77,207,0.5
Plucky,0.19902912621359226,0.19902912621359226,0.19902912621359226,0.19902912621359226,194.0,200.0,194.0,224.0,5,78,208,0.4975728155339806
Vesta,0.19805825242718447,0.19805825242718447,0.19805825242718447,0.19805825242718447,195.0,201.0,195.0,225.0,5,79,209,0.49514563106796117
Mac,0.19708737864077672,0.19708737864077672,0.19708737864077672,0.19708737864077672,196.0,202.0,196.0,226.0,5,80,210,0.49271844660194175
Eunice,0.19611650485436893,0.19611650485436893,0.19611650485436893,0.19611650485436893,197.0,203.0,197.0,227.0,5,81,211,0.49029126213592233
Walker,0.19514563106796118,0.19514563106796118,0.19514563106796118,0.38203087696960053,198.0,204.0,198.0,59.0,5,82,212,0.4878640776699029
Olaf,0.19320388349514564,0.19320388349514564,0.19320388349514564,0.19320388349514564,199.0,206.0,199.0,228.0,5,84,214,0.4830097087378641
Nate,0.19223300970873788,0.19223300970873788,0.19223300970873788,0.19223300970873788,200.0,207.0,200.0,229.0,5,85,215,0.48058252427184467
Winnie,0.1912621359223301,0.20985077619771736,0.1912621359223301,0.1912621359223301,201.0,189.0,201.0,230.0,5,86,216,0.47815533980582525
Stu,0.1893203883495146,0.1893203883495146,0.1893203883495146,0.356533503103613,202.0,208.0,202.0,81.0,5,88,218,0.4733009708737864
Sally,0.1883495145631068,0.1883495145631068,0.1883495145631068,0.1883495145631068,203.0,209.0,203.0,231.0,5,89,219,0.470873786407767
Barold,0.18737864077669905,0.20906538776465086,0.18737864077669905,0.18737864077669905,204.0,191.0,204.0,232.0,5,90,220,0.4684466019417476
Hopkins,0.18640776699029127,0.18640776699029127,0.18640776699029127,0.18640776699029127,205.0,210.0,205.0,233.0,5,91,221,0.46601941747572817
Rod,0.1854368932038835,0.23294119612987318,0.1854368932038835,0.1854368932038835,206.0,166.0,206.0,234.0,5,92,222,0.46359223300970875
Tammi,0.18349514563106797,0.18349514563106797,0.18349514563106797,0.18349514563106797,207.0,212.0,207.0,235.0,5,94,224,0.4587378640776699
Astrid,0.18155339805825244,0.18155339805825244,0.18155339805825244,0.18155339805825244,208.0,214.0,208.0,237.0,5,96,226,0.4538834951456311
Raddle,0.17961165048543692,0.17961165048543692,0.17961165048543692,0.17961165048543692,209.0,215.0,209.0,238.0,5,98,228,0.44902912621359226
Walt,0.17864077669902914,0.17864077669902914,0.17864077669902914,0.17864077669902914,210.0,216.0,210.0,239.0,5,99,229,0.44660194174757284
Gala,0.1766990291262136,0.19425496716407936,0.1766990291262136,0.1766990291262136,211.0,205.0,211.0,240.0,5,101,231,0.441747572815534
Sterling,0.17572815533980585,0.17572815533980585,0.17572815533980585,0.17572815533980585,212.0,217.0,212.0,241.0,5,102,232,0.4393203883495146
Yuka,0.1747572815533981,0.1747572815533981,0.1747572815533981,0.3714785930288079,213.0,218.0,213.0,67.0,5,103,233,0.4368932038834952
Bree,0.1737864077669903,0.1737864077669903,0.1737864077669903,0.1737864077669903,214.0,219.0,214.0,242.0,5,104,234,0.43446601941747576
Hopper,0.17281553398058255,0.17281553398058255,0.17281553398058255,0.17281553398058255,215.0,220.0,215.0,243.0,5,105,235,0.43203883495145634
Rodeo,0.17184466019417477,0.17184466019417477,0.17184466019417477,0.17184466019417477,216.0,221.0,216.0,244.0,5,106,236,0.4296116504854369
Anchovy,0.17087378640776701,0.17087378640776701,0.17087378640776701,0.38726722903071786,217.0,222.0,217.0,52.0,5,107,237,0.4271844660194175
Hans,0.16990291262135926,0.16990291262135926,0.16990291262135926,0.405968486391851,218.0,224.0,218.0,44.0,5,108,238,0.4247572815533981
Pippy,0.16893203883495148,0.16893203883495148,0.16893203883495148,0.3853254814579023,219.0,225.0,219.0,55.0,5,109,239,0.4223300970873787
Knox,0.16796116504854372,0.16796116504854372,0.16796116504854372,0.16796116504854372,220.0,226.0,220.0,245.0,5,110,240,0.41990291262135926
Spike,0.16699029126213594,0.16699029126213594,0.16699029126213594,0.16699029126213594,221.0,227.0,221.0,246.0,5,111,241,0.41747572815533984
Tybalt,0.16601941747572818,0.16601941747572818,0.16601941747572818,0.36274072895113807,222.0,228.0,222.0,75.0,5,112,242,0.4150485436893204
Sylvia,0.16504854368932043,0.16504854368932043,0.16504854368932043,0.16504854368932043,223.0,229.0,223.0,247.0,5,113,243,0.412621359223301
Cally,0.16407766990291264,0.18369901241582143,0.16407766990291264,0.16407766990291264,224.0,211.0,224.0,248.0,5,114,244,0.4101941747572816
Kitty,0.1631067961165049,0.1631067961165049,0.1631067961165049,0.1631067961165049,225.0,230.0,225.0,249.0,5,115,245,0.4077669902912622
Gabi,0.1621359223300971,0.1621359223300971,0.1621359223300971,0.1621359223300971,226.0,232.0,226.0,250.0,5,116,246,0.40533980582524276
Jambette,0.16116504854368935,0.16116504854368935,0.16116504854368935,0.3185420977240172,227.0,233.0,227.0,116.0,5,117,247,0.40291262135922334
Jitters,0.1601941747572816,0.1601941747572816,0.1601941747572816,0.1601941747572816,228.0,234.0,228.0,251.0,5,118,248,0.4004854368932039
Claudia,0.1592233009708738,0.1592233009708738,0.1592233009708738,0.1592233009708738,229.0,235.0,229.0,252.0,5,119,249,0.3980582524271845
Greta,0.15825242718446605,0.15825242718446605,0.15825242718446605,0.15825242718446605,230.0,236.0,230.0,253.0,5,120,250,0.3956310679611651
Simon,0.15728155339805827,0.15728155339805827,0.15728155339805827,0.15728155339805827,231.0,237.0,231.0,254.0,6,1,251,0.3932038834951457
Rhonda,0.15631067961165052,0.15631067961165052,0.15631067961165052,0.15631067961165052,232.0,238.0,232.0,255.0,6,2,252,0.39077669902912626
Peewee,0.15533980582524276,0.15533980582524276,0.15533980582524276,0.31271685500557067,233.0,239.0,233.0,124.0,6,3,253,0.38834951456310685
Anabelle,0.15436893203883498,0.15436893203883498,0.15436893203883498,0.15436893203883498,234.0,240.0,234.0,256.0,6,4,254,0.38592233009708743
Broccolo,0.15339805825242722,0.15339805825242722,0.15339805825242722,0.15339805825242722,235.0,241.0,235.0,257.0,6,5,255,0.383495145631068
Alfonso,0.15242718446601944,0.15242718446601944,0.15242718446601944,0.15242718446601944,236.0,242.0,236.0,258.0,6,6,256,0.3810679611650486
Mathilda,0.15145631067961168,0.15145631067961168,0.15145631067961168,0.15145631067961168,237.0,243.0,237.0,259.0,6,7,257,0.3786407766990292
Piper,0.15048543689320393,0.7029811339672143,0.15048543689320393,0.3373706827948433,238.0,1.0,238.0,97.0,6,8,258,0.37621359223300976
Billy,0.1495145631067961,0.1495145631067961,0.1495145631067961,0.1495145631067961,239.0,244.0,239.0,260.0,6,9,259,0.37378640776699024
Leopold,0.14854368932038833,0.17023043630834014,0.14854368932038833,0.14854368932038833,240.0,223.0,240.0,261.0,6,10,260,0.3713592233009708
Butch,0.14757281553398058,0.14757281553398058,0.14757281553398058,0.14757281553398058,241.0,245.0,241.0,262.0,6,11,261,0.3689320388349514
Rodney,0.14563106796116504,0.14563106796116504,0.14563106796116504,0.3128441827152634,242.0,248.0,242.0,123.0,6,13,263,0.36407766990291257
Weber,0.14466019417475726,0.14466019417475726,0.14466019417475726,0.14466019417475726,243.0,249.0,243.0,263.0,6,14,264,0.36165048543689315
Lionel,0.1436893203883495,0.1436893203883495,0.1436893203883495,0.1436893203883495,244.0,250.0,244.0,264.0,6,15,265,0.35922330097087374
Hippeux,0.14271844660194175,0.14271844660194175,0.14271844660194175,0.14271844660194175,245.0,251.0,245.0,265.0,6,16,266,0.3567961165048543
Nibbles,0.14174757281553396,0.16240161756596425,0.14174757281553396,0.14174757281553396,246.0,231.0,246.0,266.0,6,17,267,0.3543689320388349
Pudge,0.1407766990291262,0.1407766990291262,0.1407766990291262,0.35717014165207706,247.0,252.0,247.0,80.0,6,18,268,0.3519417475728155
Al,0.13980582524271842,0.13980582524271842,0.13980582524271842,0.13980582524271842,248.0,254.0,248.0,267.0,6,19,269,0.3495145631067961
Phil,0.13883495145631067,0.13883495145631067,0.13883495145631067,0.13883495145631067,249.0,255.0,249.0,268.0,6,20,270,0.34708737864077666
Jacques,0.1378640776699029,0.18330297612084956,0.1378640776699029,0.1378640776699029,250.0,213.0,250.0,269.0,6,21,271,0.34466019417475724
Prince,0.13689320388349513,0.13689320388349513,0.13689320388349513,0.13689320388349513,251.0,256.0,251.0,270.0,6,22,272,0.3422330097087378
Midge,0.13592233009708737,0.13592233009708737,0.13592233009708737,0.3129715104249562,252.0,257.0,252.0,122.0,6,23,273,0.3398058252427184
Bonbon,0.1349514563106796,0.1349514563106796,0.1349514563106796,0.1349514563106796,253.0,258.0,253.0,271.0,6,24,274,0.337378640776699
Pango,0.13398058252427184,0.13398058252427184,0.13398058252427184,0.13398058252427184,254.0,260.0,254.0,272.0,6,25,275,0.3349514563106796
Huck,0.13300970873786408,0.21562588773958524,0.13300970873786408,0.13300970873786408,255.0,183.0,255.0,273.0,6,26,276,0.33252427184466016
Chow,0.1320388349514563,0.1320388349514563,0.1320388349514563,0.1320388349514563,256.0,261.0,256.0,274.0,6,27,277,0.33009708737864074
Rasher,0.13106796116504854,0.13106796116504854,0.13106796116504854,0.13106796116504854,257.0,262.0,257.0,275.0,6,28,278,0.3276699029126213
Angus,0.13009708737864076,0.13009708737864076,0.13009708737864076,0.13009708737864076,258.0,264.0,258.0,276.0,6,29,279,0.3252427184466019
Becky,0.129126213592233,0.129126213592233,0.129126213592233,0.129126213592233,259.0,265.0,259.0,277.0,6,30,280,0.3228155339805825
Jay,0.12815533980582525,0.12815533980582525,0.12815533980582525,0.12815533980582525,260.0,266.0,260.0,278.0,6,31,281,0.3203883495145631
Tucker,0.12718446601941746,0.12718446601941746,0.12718446601941746,0.12718446601941746,261.0,267.0,261.0,279.0,6,32,282,0.31796116504854366
Maggie,0.1262135922330097,0.1262135922330097,0.1262135922330097,0.1262135922330097,262.0,268.0,262.0,280.0,6,33,283,0.31553398058252424
Coach,0.12524271844660192,0.12524271844660192,0.12524271844660192,0.12524271844660192,263.0,269.0,263.0,281.0,6,34,284,0.3131067961165048
Victoria,0.12427184466019417,0.12427184466019417,0.12427184466019417,0.32099315613560403,264.0,272.0,264.0,114.0,6,35,285,0.3106796116504854
Croque,0.1233009708737864,0.1233009708737864,0.1233009708737864,0.1233009708737864,265.0,273.0,265.0,282.0,6,36,286,0.308252427184466
Rowan,0.12233009708737863,0.12233009708737863,0.12233009708737863,0.12233009708737863,266.0,274.0,266.0,283.0,6,37,287,0.3058252427184466
Willow,0.1203883495145631,0.1203883495145631,0.1203883495145631,0.3564539232850549,267.0,275.0,267.0,82.0,6,39,289,0.30097087378640774
Sheldon,0.11941747572815534,0.11941747572815534,0.11941747572815534,0.11941747572815534,268.0,276.0,268.0,284.0,6,40,290,0.29854368932038833
Pompom,0.11844660194174757,0.11844660194174757,0.11844660194174757,0.11844660194174757,269.0,277.0,269.0,285.0,6,41,291,0.2961165048543689
Groucho,0.1174757281553398,0.1174757281553398,0.1174757281553398,0.1174757281553398,270.0,278.0,270.0,286.0,6,42,292,0.2936893203883495
Keaton,0.11650485436893204,0.14025700583192688,0.11650485436893204,0.11650485436893204,271.0,253.0,271.0,287.0,6,43,293,0.2912621359223301
Chester,0.11553398058252427,0.11553398058252427,0.11553398058252427,0.3319274232054751,272.0,280.0,272.0,103.0,6,44,294,0.28883495145631066
Agent S,0.1145631067961165,0.1341844493090253,0.1145631067961165,0.2424319592551329,273.0,259.0,273.0,185.0,6,45,295,0.28640776699029125
Kitt,0.11359223300970873,0.11359223300970873,0.11359223300970873,0.11359223300970873,274.0,281.0,274.0,288.0,6,46,296,0.28398058252427183
Gaston,0.11262135922330097,0.11262135922330097,0.11262135922330097,0.11262135922330097,275.0,282.0,275.0,289.0,6,47,297,0.2815533980582524
Boone,0.11165048543689321,0.11165048543689321,0.11165048543689321,0.11165048543689321,276.0,283.0,276.0,290.0,6,48,298,0.279126213592233
Bertha,0.11067961165048544,0.11067961165048544,0.11067961165048544,0.11067961165048544,277.0,284.0,277.0,291.0,6,49,299,0.2766990291262136
Tad,0.10970873786407767,0.10970873786407767,0.10970873786407767,0.3261021804870285,278.0,285.0,278.0,109.0,6,50,300,0.27427184466019416
Hugh,0.10776699029126213,0.1470096753170797,0.10776699029126213,0.10776699029126213,279.0,246.0,279.0,292.0,6,52,302,0.26941747572815533
Axel,0.10679611650485438,0.10679611650485438,0.10679611650485438,0.10679611650485438,280.0,287.0,280.0,293.0,6,53,303,0.2669902912621359
Bud,0.10582524271844661,0.13061009641896296,0.10582524271844661,0.10582524271844661,281.0,263.0,281.0,294.0,6,54,304,0.2645631067961165
Del,0.10485436893203884,0.10485436893203884,0.10485436893203884,0.10485436893203884,282.0,288.0,282.0,295.0,6,55,305,0.2621359223300971
Ursala,0.10388349514563107,0.10388349514563107,0.10388349514563107,0.10388349514563107,283.0,290.0,283.0,296.0,6,56,306,0.25970873786407767
Drake,0.1029126213592233,0.1029126213592233,0.1029126213592233,0.1029126213592233,284.0,291.0,284.0,297.0,6,57,307,0.25728155339805825
Curt,0.10194174757281554,0.12466119679828887,0.10194174757281554,0.29866305904822543,285.0,271.0,285.0,139.0,6,58,308,0.25485436893203883
Annalise,0.10097087378640777,0.12472302524940261,0.10097087378640777,0.10097087378640777,286.0,270.0,286.0,298.0,6,59,309,0.2524271844660194
Mott,0.1,0.1,0.1,0.1,287.0,294.0,287.0,299.0,6,60,310,0.25
Monique,0.09902912621359224,0.09902912621359224,0.09902912621359224,0.09902912621359224,288.0,295.0,288.0,300.0,6,61,311,0.24757281553398058
Lucha,0.09805825242718447,0.09805825242718447,0.09805825242718447,0.09805825242718447,289.0,296.0,289.0,301.0,6,62,312,0.24514563106796117
Kody,0.09708737864077671,0.09708737864077671,0.09708737864077671,0.09708737864077671,290.0,297.0,290.0,302.0,6,63,313,0.24271844660194175
Moose,0.09611650485436894,0.09611650485436894,0.09611650485436894,0.09611650485436894,291.0,298.0,291.0,303.0,6,64,314,0.24029126213592233
Cashmere,0.09514563106796117,0.11579967581839147,0.09514563106796117,0.09514563106796117,292.0,279.0,292.0,304.0,6,65,315,0.23786407766990292
Stinky,0.0941747572815534,0.0941747572815534,0.0941747572815534,0.0941747572815534,293.0,299.0,293.0,305.0,6,66,316,0.2354368932038835
Quillson,0.09320388349514563,0.09320388349514563,0.09320388349514563,0.280089129396785,294.0,300.0,294.0,152.0,6,67,317,0.23300970873786409
Anicotti,0.09223300970873788,0.09223300970873788,0.09223300970873788,0.09223300970873788,295.0,301.0,295.0,306.0,6,68,318,0.23058252427184467
Ed,0.09126213592233011,0.09126213592233011,0.09126213592233011,0.09126213592233011,296.0,302.0,296.0,307.0,6,69,319,0.22815533980582525
T-Bone,0.09029126213592234,0.09029126213592234,0.09029126213592234,0.09029126213592234,297.0,303.0,297.0,308.0,6,70,320,0.22572815533980584
Miranda,0.08932038834951457,0.08932038834951457,0.08932038834951457,0.08932038834951457,298.0,304.0,298.0,309.0,6,71,321,0.22330097087378642
Paolo,0.0883495145631068,0.0883495145631068,0.0883495145631068,0.27523476046474615,299.0,306.0,299.0,156.0,6,72,322,0.220873786407767
Elise,0.08737864077669905,0.08737864077669905,0.08737864077669905,0.08737864077669905,300.0,307.0,300.0,310.0,6,73,323,0.2184466019417476
Ken,0.08543689320388351,0.10918904466687834,0.08543689320388351,0.27232213910552283,301.0,286.0,301.0,160.0,6,75,325,0.21359223300970875
Ava,0.08446601941747574,0.08446601941747574,0.08446601941747574,0.08446601941747574,302.0,310.0,302.0,311.0,6,76,326,0.21116504854368934
Cleo,0.08349514563106797,0.10208378590645523,0.08349514563106797,0.08349514563106797,303.0,292.0,303.0,312.0,6,77,327,0.20873786407766992
Rolf,0.08252427184466021,0.10421101883261202,0.08252427184466021,0.08252427184466021,304.0,289.0,304.0,313.0,6,78,328,0.2063106796116505
Grizzly,0.08058252427184467,0.08058252427184467,0.08058252427184467,0.08058252427184467,305.0,312.0,305.0,314.0,6,80,330,0.20145631067961167
Dora,0.0796116504854369,0.0796116504854369,0.0796116504854369,0.0796116504854369,306.0,313.0,306.0,315.0,6,81,331,0.19902912621359226
Opal,0.07864077669902914,0.07864077669902914,0.07864077669902914,0.07864077669902914,307.0,314.0,307.0,316.0,6,82,332,0.19660194174757284
Deena,0.07766990291262138,0.07766990291262138,0.07766990291262138,0.07766990291262138,308.0,315.0,308.0,317.0,6,83,333,0.19417475728155342
Cousteau,0.07669902912621361,0.07669902912621361,0.07669902912621361,0.07669902912621361,309.0,317.0,309.0,318.0,6,84,334,0.191747572815534
Klaus,0.07572815533980584,0.1015457112778437,0.07572815533980584,0.07572815533980584,310.0,293.0,310.0,319.0,6,85,335,0.1893203883495146
Iggly,0.07475728155339807,0.07475728155339807,0.07475728155339807,0.07475728155339807,311.0,318.0,311.0,320.0,6,86,336,0.18689320388349517
Leonardo,0.0737864077669903,0.0737864077669903,0.0737864077669903,0.0737864077669903,312.0,319.0,312.0,321.0,6,87,337,0.18446601941747576
Amelia,0.07281553398058253,0.07281553398058253,0.07281553398058253,0.07281553398058253,313.0,320.0,313.0,322.0,6,88,338,0.18203883495145634
Admiral,0.07184466019417478,0.07184466019417478,0.07184466019417478,0.07184466019417478,314.0,321.0,314.0,323.0,6,89,339,0.17961165048543692
Curlos,0.07087378640776701,0.14626104974683757,0.07087378640776701,0.07087378640776701,315.0,247.0,315.0,324.0,6,90,340,0.1771844660194175
Frobert,0.06990291262135924,0.06990291262135924,0.06990291262135924,0.06990291262135924,316.0,322.0,316.0,325.0,6,91,341,0.1747572815533981
Vladimir,0.0679611650485437,0.088615209798974,0.0679611650485437,0.0679611650485437,317.0,305.0,317.0,326.0,6,93,343,0.16990291262135926
Louie,0.06699029126213595,0.08248082482495867,0.06699029126213595,0.06699029126213595,318.0,311.0,318.0,327.0,6,94,344,0.16747572815533984
Claude,0.06601941747572818,0.06601941747572818,0.06601941747572818,0.06601941747572818,319.0,324.0,319.0,328.0,6,95,345,0.16504854368932043
Samson,0.0650485436893204,0.0650485436893204,0.0650485436893204,0.0650485436893204,320.0,325.0,320.0,329.0,6,96,346,0.162621359223301
Cobb,0.06407766990291264,0.06407766990291264,0.06407766990291264,0.26079898137832247,321.0,327.0,321.0,169.0,6,97,347,0.1601941747572816
Peaches,0.06310679611650487,0.08582624534197819,0.06310679611650487,0.4958936813624065,322.0,309.0,322.0,28.0,6,98,348,0.15776699029126218
Alli,0.062135922330097106,0.08588807379309193,0.062135922330097106,0.062135922330097106,323.0,308.0,323.0,330.0,6,99,349,0.15533980582524276
Friga,0.06116504854368934,0.06116504854368934,0.06116504854368934,0.06116504854368934,324.0,329.0,324.0,331.0,6,100,350,0.15291262135922334
Gigi,0.060194174757281574,0.060194174757281574,0.060194174757281574,0.060194174757281574,325.0,330.0,325.0,332.0,6,101,351,0.15048543689320393
Buzz,0.059223300970873805,0.059223300970873805,0.059223300970873805,0.059223300970873805,326.0,331.0,326.0,333.0,6,102,352,0.1480582524271845
Snooty,0.05825242718446604,0.07684106745985331,0.05825242718446604,0.05825242718446604,327.0,316.0,327.0,334.0,6,103,353,0.1456310679611651
Robin,0.05728155339805827,0.05728155339805827,0.05728155339805827,0.2540028648734681,328.0,333.0,328.0,175.0,6,104,354,0.14320388349514568
Gloria,0.05631067961165051,0.05631067961165051,0.05631067961165051,0.05631067961165051,329.0,334.0,329.0,335.0,6,105,355,0.14077669902912626
Peggy,0.05533980582524274,0.6553398058252428,0.05533980582524274,0.18320865828425914,330.0,2.0,330.0,236.0,6,106,356,0.13834951456310685
Pancetti,0.05436893203883497,0.05436893203883497,0.05436893203883497,0.05436893203883497,331.0,335.0,331.0,336.0,6,107,357,0.13592233009708743
Boyd,0.05339805825242721,0.05339805825242721,0.05339805825242721,0.05339805825242721,332.0,336.0,332.0,337.0,6,108,358,0.133495145631068
Marcel,0.05242718446601944,0.05242718446601944,0.05242718446601944,0.05242718446601944,333.0,338.0,333.0,338.0,6,109,359,0.1310679611650486
Jacob,0.05145631067961168,0.05145631067961168,0.05145631067961168,0.05145631067961168,334.0,339.0,334.0,339.0,6,110,360,0.12864077669902918
Elmer,0.05048543689320391,0.05048543689320391,0.05048543689320391,0.05048543689320391,335.0,340.0,335.0,340.0,6,111,361,0.12621359223300976
Carrie,0.0495145631067961,0.0495145631067961,0.0495145631067961,0.0495145631067961,336.0,341.0,336.0,341.0,6,112,362,0.12378640776699024
Ike,0.04854368932038833,0.04854368932038833,0.04854368932038833,0.04854368932038833,337.0,342.0,337.0,342.0,6,113,363,0.12135922330097082
Truffles,0.047572815533980566,0.047572815533980566,0.047572815533980566,0.047572815533980566,338.0,343.0,338.0,343.0,6,114,364,0.1189320388349514
Pierce,0.046601941747572796,0.046601941747572796,0.046601941747572796,0.046601941747572796,339.0,344.0,339.0,344.0,6,115,365,0.11650485436893199
Benjamin,0.045631067961165034,0.045631067961165034,0.045631067961165034,0.045631067961165034,340.0,345.0,340.0,345.0,6,116,366,0.11407766990291257
Naomi,0.044660194174757264,0.044660194174757264,0.044660194174757264,0.044660194174757264,341.0,346.0,341.0,346.0,6,117,367,0.11165048543689315
Sly,0.043689320388349495,0.043689320388349495,0.043689320388349495,0.043689320388349495,342.0,347.0,342.0,347.0,6,118,368,0.10922330097087374
Kevin,0.04271844660194173,0.06440519358989355,0.04271844660194173,0.04271844660194173,343.0,326.0,343.0,348.0,6,119,369,0.10679611650485432
Peck,0.04174757281553396,0.062401617565964254,0.04174757281553396,0.23846888429094382,344.0,328.0,344.0,190.0,6,120,370,0.1043689320388349
Soleil,0.0407766990291262,0.0407766990291262,0.0407766990291262,0.0407766990291262,345.0,349.0,345.0,349.0,6,121,371,0.10194174757281549
Baabara,0.03980582524271843,0.0666560834182778,0.03980582524271843,0.03980582524271843,346.0,323.0,346.0,350.0,6,122,372,0.09951456310679607
Vic,0.03883495145631066,0.03883495145631066,0.03883495145631066,0.03883495145631066,347.0,350.0,347.0,351.0,6,123,373,0.09708737864077666
Charlise,0.0378640776699029,0.0378640776699029,0.0378640776699029,0.0378640776699029,348.0,351.0,348.0,352.0,6,124,374,0.09466019417475724
Cyrano,0.03689320388349513,0.03689320388349513,0.03689320388349513,0.03689320388349513,349.0,353.0,349.0,353.0,6,125,375,0.09223300970873782
Rooney,0.03592233009708736,0.03592233009708736,0.03592233009708736,0.2523157727200382,350.0,354.0,350.0,178.0,6,126,376,0.0898058252427184
Chops,0.0349514563106796,0.0349514563106796,0.0349514563106796,0.0349514563106796,351.0,355.0,351.0,354.0,6,127,377,0.08737864077669899
Benedict,0.03398058252427183,0.03398058252427183,0.03398058252427183,0.03398058252427183,352.0,356.0,352.0,355.0,6,128,378,0.08495145631067957
Frank,0.03300970873786407,0.03300970873786407,0.03300970873786407,0.03300970873786407,353.0,358.0,353.0,356.0,6,129,379,0.08252427184466016
Timbra,0.0320388349514563,0.0320388349514563,0.0320388349514563,0.4156453923285055,354.0,359.0,354.0,43.0,6,130,380,0.08009708737864074
Puck,0.031067961165048532,0.031067961165048532,0.031067961165048532,0.031067961165048532,355.0,360.0,355.0,357.0,6,131,381,0.07766990291262132
Mallary,0.030097087378640766,0.05281653660411409,0.030097087378640766,0.030097087378640766,356.0,337.0,356.0,358.0,6,132,382,0.07524271844660191
Rory,0.029126213592232997,0.029126213592232997,0.029126213592232997,0.029126213592232997,357.0,363.0,357.0,359.0,6,133,383,0.07281553398058249
Harry,0.02815533980582523,0.02815533980582523,0.02815533980582523,0.02815533980582523,358.0,364.0,358.0,360.0,6,134,384,0.07038834951456308
Ricky,0.027184466019417465,0.027184466019417465,0.027184466019417465,0.027184466019417465,359.0,366.0,359.0,361.0,6,135,385,0.06796116504854366
Marcie,0.0262135922330097,0.0262135922330097,0.0262135922330097,0.0262135922330097,360.0,367.0,360.0,362.0,6,136,386,0.06553398058252424
Broffina,0.025242718446601933,0.025242718446601933,0.025242718446601933,0.025242718446601933,361.0,368.0,361.0,363.0,6,137,387,0.06310679611650483
Sparro,0.024271844660194164,0.024271844660194164,0.024271844660194164,0.21115709056183352,362.0,369.0,362.0,213.0,6,138,388,0.06067961165048541
Clyde,0.023300970873786398,0.023300970873786398,0.023300970873786398,0.21018621677542576,363.0,370.0,363.0,215.0,6,139,389,0.058252427184465994
Candi,0.022330097087378632,0.022330097087378632,0.022330097087378632,0.022330097087378632,364.0,371.0,364.0,364.0,6,140,390,0.05582524271844658
Colton,0.021359223300970866,0.021359223300970866,0.021359223300970866,0.021359223300970866,365.0,372.0,365.0,365.0,6,141,391,0.05339805825242716
Lucy,0.0203883495145631,0.0203883495145631,0.0203883495145631,0.0203883495145631,366.0,374.0,366.0,366.0,6,142,392,0.050970873786407744
Limberg,0.01941747572815533,0.01941747572815533,0.01941747572815533,0.01941747572815533,367.0,375.0,367.0,367.0,6,143,393,0.04854368932038833
Monty,0.018446601941747565,0.018446601941747565,0.018446601941747565,0.018446601941747565,368.0,376.0,368.0,368.0,6,144,394,0.04611650485436891
Cesar,0.0174757281553398,0.04329328409337767,0.0174757281553398,0.0174757281553398,369.0,348.0,369.0,369.0,6,145,395,0.043689320388349495
Rocket,0.016504854368932034,0.016504854368932034,0.016504854368932034,0.016504854368932034,370.0,377.0,370.0,370.0,6,146,396,0.04126213592233008
Queenie,0.015533980582524266,0.015533980582524266,0.015533980582524266,0.015533980582524266,371.0,378.0,371.0,371.0,6,147,397,0.03883495145631066
Gruff,0.014563106796116498,0.014563106796116498,0.014563106796116498,0.014563106796116498,372.0,379.0,372.0,372.0,6,148,398,0.036407766990291246
Paula,0.013592233009708733,0.059031131460655376,0.013592233009708733,0.013592233009708733,373.0,332.0,373.0,373.0,6,149,399,0.03398058252427183
Big Top,0.011650485436893199,0.037468041374931066,0.011650485436893199,0.011650485436893199,374.0,352.0,374.0,374.0,6,151,401,0.029126213592232997
Violet,0.010679611650485433,0.010679611650485433,0.010679611650485433,0.010679611650485433,375.0,380.0,375.0,375.0,6,152,402,0.02669902912621358
Sandy,0.009708737864077666,0.0334608893270725,0.009708737864077666,0.009708737864077666,376.0,357.0,376.0,376.0,6,153,403,0.024271844660194164
Gwen,0.0087378640776699,0.0087378640776699,0.0087378640776699,0.0087378640776699,377.0,381.0,377.0,377.0,6,154,404,0.021844660194174748
Maelle,0.007766990291262133,0.007766990291262133,0.007766990291262133,0.007766990291262133,378.0,382.0,378.0,378.0,6,155,405,0.01941747572815533
Curly,0.006796116504854366,0.006796116504854366,0.006796116504854366,0.006796116504854366,379.0,383.0,379.0,379.0,6,156,406,0.016990291262135915
Rizzo,0.0058252427184465995,0.02751198970639841,0.0058252427184465995,0.0058252427184465995,380.0,365.0,380.0,380.0,6,157,407,0.014563106796116498
Penelope,0.004854368932038833,0.029639222632555185,0.004854368932038833,0.004854368932038833,381.0,362.0,381.0,381.0,6,158,408,0.012135922330097082
Rocco,0.0038834951456310665,0.030733753321190445,0.0038834951456310665,0.0038834951456310665,382.0,361.0,382.0,382.0,6,159,409,0.009708737864077666
Bettina,0.0029126213592232998,0.0029126213592232998,0.0029126213592232998,0.0029126213592232998,383.0,384.0,383.0,383.0,6,160,410,0.007281553398058249
Boris,0.0019417475728155332,0.0019417475728155332,0.0019417475728155332,0.0019417475728155332,384.0,385.0,384.0,384.0,6,161,411,0.004854368932038833
Bitty,0.0009708737864077666,0.020592216299316544,0.0009708737864077666,0.0009708737864077666,385.0,373.0,385.0,385.0,6,162,412,0.0024271844660194164
Velma,0.0,0.0,0.0,0.0,386.0,386.0,386.0,386.0,6,163,413,0.0
